Martijnhttps://vanderven.se/martijn/Martijnhttps://vanderven.se/martijn/Gregjgregorymcverry.comjgmac1106jgmac1106ggg@aa.comGregjgregorymcverry.comjgmac1106jgmac1106ggg@aa.comGregjgregorymcverry.comjgmac1106jgmac1106yyy@aa.comGregjgregorymcverry.comjgmac1106jgmac1106yyy@aa.comGregjgregorymcverry.comjgmac1106jgmac1106yyy@aa.comGregjgregorymcverry.comjgmac1106jgmac1106yyy@aa.comGregjgregorymcverry.comjgmac1106jgmac1106yyy@aa.comgggggggggg@aa.comgggggggggg@aa.comGregjgregorymcverry.comjgmac1106jgmac1106@jgregorymcverry.comjgmac1106@jgregorymcverry.comGregjgregorymcverry.comjgmac1106jgmac1106@jgregorymcverry.comjgmac1106@jgregorymcverry.comGregjgregorymcverry.comjgmac1106jgmac1106@jgregorymcverry.comjgmac1106@jgregorymcverry.comgregjgregorymcverry.comrrrjgmac1106jgregmcverry@gmail.comgregjgregorymcverry.comrrrjgmac1106jgregmcverry@gmail.comgregjgregorymcverry.comrrrjgmac1106jgregmcverry@gmail.comgregjgregorymcverry.comrrrjgmac1106jgregmcverry@gmail.comdddddddddd@aa.combilllbill.combillisfuinnyddddd@ds.comGreghttps://jgregorymcverry.comjgmac1106jgmac1106jgregmcverry@gmail.comGreghttps://jgregorymcverry.comjgmac1106jgmac1106jgregmcverry@gmail.comGregjgregorymcverry.comjgmac1106jgmac1106@jgregorymcverry.comjgmac1106@jgregorymcverry.comBilly Bassasseenontv.comannoyingfinshloudmouthjgmac1106@jgregorymcverry.comgreggggg.comfefefegfwef@aa.comGreguglyfacemcgeestinkypantspee@youu.comGreguglyfacemcgeestinkypantspee@youu.comGregjgregorymcverry.comjgmac1106jgmac1106jgmac1106@jgregorymcverry.comGregjgregorymcverry.comjgmac1106jgmac1106jgmac1106@jgregorymcverry.comgggggggggg@aa.comGregjgregorymcverry.comjgmac1106jgmac1106greg@gregGregjgregorymcverry.comjgmac1106jgmac1106jgmac1106@jgregorymcverry.com